<?xml version="1.0" encoding="UTF-8"?>
<project-private xmlns="http://www.netbeans.org/ns/project-private/1">
    <editor-bookmarks xmlns="http://www.netbeans.org/ns/editor-bookmarks/2" lastBookmarkId="0"/>
    <open-files xmlns="http://www.netbeans.org/ns/projectui-open-files/2">
        <group>
            <file>file:/C:/Users/lenovo/Documents/NetBeansProjects/PAC/src/ViewVol.java</file>
            <file>file:/C:/Users/lenovo/Documents/NetBeansProjects/PAC/src/Registration.java</file>
            <file>file:/C:/Users/lenovo/Documents/NetBeansProjects/PAC/src/Req.java</file>
            <file>file:/C:/Users/lenovo/Documents/NetBeansProjects/PAC/src/Problem.java</file>
            <file>file:/C:/Users/lenovo/Documents/NetBeansProjects/PAC/src/pac/PAC.java</file>
            <file>file:/C:/Users/lenovo/Documents/NetBeansProjects/PAC/src/Feedback.java</file>
            <file>file:/C:/Users/lenovo/Documents/NetBeansProjects/PAC/src/FB.java</file>
            <file>file:/C:/Users/lenovo/Documents/NetBeansProjects/PAC/src/MainPage.java</file>
            <file>file:/C:/Users/lenovo/Documents/NetBeansProjects/PAC/src/Home.java</file>
            <file>file:/C:/Users/lenovo/Documents/NetBeansProjects/PAC/src/ViewE.java</file>
            <file>file:/C:/Users/lenovo/Documents/NetBeansProjects/PAC/src/Vol.java</file>
            <file>file:/C:/Users/lenovo/Documents/NetBeansProjects/PAC/src/Spo.java</file>
            <file>file:/C:/Users/lenovo/Documents/NetBeansProjects/PAC/src/UpdateEvent.java</file>
            <file>file:/C:/Users/lenovo/Documents/NetBeansProjects/PAC/src/ViewOC.java</file>
            <file>file:/C:/Users/lenovo/Documents/NetBeansProjects/PAC/src/Q1.java</file>
            <file>file:/C:/Users/lenovo/Documents/NetBeansProjects/PAC/src/Login.java</file>
            <file>file:/C:/Users/lenovo/Documents/NetBeansProjects/PAC/src/Outcome.java</file>
            <file>file:/C:/Users/lenovo/Documents/NetBeansProjects/PAC/src/DQ3.java</file>
            <file>file:/C:/Users/lenovo/Documents/NetBeansProjects/PAC/src/Volunteer.java</file>
            <file>file:/C:/Users/lenovo/Documents/NetBeansProjects/PAC/src/HomeMain.java</file>
            <file>file:/C:/Users/lenovo/Documents/NetBeansProjects/PAC/src/conn.java</file>
            <file>file:/C:/Users/lenovo/Documents/NetBeansProjects/PAC/src/Sponsor.java</file>
            <file>file:/C:/Users/lenovo/Documents/NetBeansProjects/PAC/src/Pro.java</file>
            <file>file:/C:/Users/lenovo/Documents/NetBeansProjects/PAC/src/Idea.java</file>
            <file>file:/C:/Users/lenovo/Documents/NetBeansProjects/PAC/src/UpdateUser.java</file>
            <file>file:/C:/Users/lenovo/Documents/NetBeansProjects/PAC/src/ViewProblem.java</file>
            <file>file:/C:/Users/lenovo/Documents/NetBeansProjects/PAC/src/stmt.java</file>
            <file>file:/C:/Users/lenovo/Documents/NetBeansProjects/PAC/src/UpdateReq.java</file>
            <file>file:/C:/Users/lenovo/Documents/NetBeansProjects/PAC/src/ViewRequirments.java</file>
            <file>file:/C:/Users/lenovo/Documents/NetBeansProjects/PAC/src/ViewEvent.java</file>
            <file>file:/C:/Users/lenovo/Documents/NetBeansProjects/PAC/src/Event.java</file>
            <file>file:/C:/Users/lenovo/Documents/NetBeansProjects/PAC/src/Eve.java</file>
            <file>file:/C:/Users/lenovo/Documents/NetBeansProjects/PAC/src/DQ2.java</file>
            <file>file:/C:/Users/lenovo/Documents/NetBeansProjects/PAC/src/Page.java</file>
            <file>file:/C:/Users/lenovo/Documents/NetBeansProjects/PAC/src/ViewIdea.java</file>
            <file>file:/C:/Users/lenovo/Documents/NetBeansProjects/PAC/src/AdminLog.java</file>
            <file>file:/C:/Users/lenovo/Documents/NetBeansProjects/PAC/src/Querirs.java</file>
            <file>file:/C:/Users/lenovo/Documents/NetBeansProjects/PAC/src/UseIdea.java</file>
            <file>file:/C:/Users/lenovo/Documents/NetBeansProjects/PAC/src/ViewSponsor.java</file>
            <file>file:/C:/Users/lenovo/Documents/NetBeansProjects/PAC/src/Idea1.java</file>
            <file>file:/C:/Users/lenovo/Documents/NetBeansProjects/PAC/src/DQ4.java</file>
            <file>file:/C:/Users/lenovo/Documents/NetBeansProjects/PAC/src/Requirement.java</file>
            <file>file:/C:/Users/lenovo/Documents/NetBeansProjects/PAC/src/searchdata.java</file>
            <file>file:/C:/Users/lenovo/Documents/NetBeansProjects/PAC/src/ViewFeedback.java</file>
            <file>file:/C:/Users/lenovo/Documents/NetBeansProjects/PAC/src/OC.java</file>
            <file>file:/C:/Users/lenovo/Documents/NetBeansProjects/PAC/src/DQ1.java</file>
        </group>
    </open-files>
</project-private>
